구분,컷 번호,대본 매칭 장면,제작 방식 추천,나노바나나 프롬프트 (한국어 - 캐릭터 일관성 적용),나노바나나 프롬프트 (영문 - 16:9 시네마틱 최적화),Seedance 2.5 모션 프롬프트 (영상 변환용)
[캐릭터 마스터],CHAR_01,주인공 이선옥 (57세 맏며느리) 기준 이미지,마스터 레퍼런스,"57세 한국인 여성 이선옥, 단정하게 하나로 묶은 검은 머리(흰머리 약간 섞임), 온화하지만 깊은 눈매, 화장기 없는 수수한 얼굴, 낡은 감색(네이비) 정장 재킷, 거칠고 굳은살이 박인 손마디, 사실적인 한국 드라마 스틸컷 스타일, 8k, 16:9 비율","A 57-year-old Korean woman named Sun-ok, neatly tied back black hair with subtle grey strands, gentle yet profound eyes, no makeup, humble face with fine wrinkles, wearing a modest dark navy suit jacket, rough weathered hands with calluses, realistic K-drama cinematic still, 8k, aspect ratio 16:9",-
[캐릭터 마스터],CHAR_02,동서 배서연 (52세 둘째 며느리) 기준 이미지,마스터 레퍼런스,"52세 한국인 여성 배서연, 우아하게 올린 업스타일 헤어, 화려한 진주 귀걸이, 고급스러운 와인색 실크 투피스 정장, 도도하고 오만한 눈빛과 비웃는 입꼬리, 강남 학원 원장 스타일, 사실적인 한국 드라마 스틸컷 스타일, 8k, 16:9 비율","A 52-year-old Korean woman named Seo-yeon, elegant updo hairstyle, pearl earrings, luxurious wine-colored silk two-piece suit, arrogant and haughty expression with a subtle smirk, wealthy art academy director look, realistic K-drama cinematic still, 8k, aspect ratio 16:9",-
[캐릭터 마스터],CHAR_03,원로 서예가 송헌 조병구 (80세) 기준 이미지,마스터 레퍼런스,"80세 한국인 백발 노신사 송헌 선생, 단정한 백발과 흰 눈썹, 금테 안경, 품격 있는 개량 한복 정장 차림, 날카로우면서도 기품 있는 예술원 원로의 눈빛, 사실적인 시네마틱 스틸컷, 8k, 16:9 비율","An 80-year-old dignified Korean elder man with white hair and white eyebrows, gold-rimmed glasses, wearing a prestigious traditional-modern Korean hanbok suit, sharp and noble gaze of a master calligrapher, realistic cinematic still, 8k, aspect ratio 16:9",-
[캐릭터 마스터],CHAR_04,남편 강태준 (60세) & 딸 강서우 (29세),마스터 레퍼런스,"60세 한국인 중년 남성(단정한 검은 정장, 선하고 묵직한 인상)과 29세 한국인 여성(단정한 정장 차림, 맑고 걱정스러운 눈빛의 딸), 호텔 연회장 테이블에 나란히 앉아 있는 모습, 8k, 16:9 비율","A 60-year-old Korean man in a dark suit with a kind, heavy expression and his 29-year-old Korean daughter in neat formal wear with worried eyes, sitting side by side at a hotel banquet table, realistic K-drama still, 8k, aspect ratio 16:9",-
Chapter 1,Cut 01,특급 호텔 연회장 무대 위에서 붓을 내밀며 비웃는 동서 서연,★ 나노바나나 + Seedance 2.5,"화려한 샹들리에가 빛나는 특급 호텔 연회장 무대 위, 와인색 실크 투피스를 입은 52세 한국인 여성 배서연이 한 손에 마이크를 들고 다른 손으로 굵은 서예 붓을 무대 아래로 내밀며 비아냥거리듯 웃고 있다. 시네마틱 조명, 16:9","On a luxury hotel grand ballroom stage under crystal chandeliers, a 52-year-old Korean woman in a wine-colored silk suit holds a microphone in one hand and extends a thick calligraphy brush toward the audience with a condescending smirk. Cinematic lighting, 8k, 16:9","Camera slowly zooms in on the woman in the wine-colored suit as she smirks and extends the calligraphy brush forward, crystal chandeliers sparkling in the background."
Chapter 1,Cut 02,구석 테이블에서 당황하며 손을 내젓는 맏며느리 선옥,★ 나노바나나 + Seedance 2.5,"호텔 연회장 구석 테이블, 수수한 감색 정장을 입은 57세 한국인 여성 이선옥이 굳은살 박인 손으로 정중하게 사양하듯 손을 내젓고 있다. 주변 하객들의 시선이 집중된 모습, 16:9","At a corner table in a luxury banquet hall, a 57-year-old Korean woman in a humble navy suit gently waves her rough, calloused hands to decline, surrounded by guests looking at her, realistic K-drama lighting, 16:9","The woman in the navy suit gently shakes her head and waves her hand politely with a calm, slightly troubled expression."
Chapter 1,Cut 03,조카 서우를 지목하며 공개 망신을 주는 서연과 웃는 하객들,나노바나나 정지 이미지,"무대 위에서 두 팔을 살짝 벌리며 관객들의 웃음을 유도하는 와인색 정장의 배서연과, 무대 아래에서 얄팍하게 비웃는 중년 하객들의 모습, 드라마틱한 대비, 16:9","From the stage, the woman in the wine-colored suit opens her arms slightly with a mocking laugh while middle-aged banquet guests in the foreground chuckle, dramatic K-drama scene, 16:9",-
Chapter 1,Cut 04,분노로 일어서는 남편 태준의 팔을 조용히 누르는 선옥의 손,★ 나노바나나 + Seedance 2.5,"연회장 테이블 클로즈업, 분노로 주먹을 쥐고 일어서려는 60세 남편의 정장 소매 위에 57세 아내 이선옥의 거칠고 굳은살 박인 손이 조용히 얹혀 제지하는 장면, 감성적인 포커스, 16:9","Close-up shot at a banquet table: a rough, calloused hand of a 57-year-old woman gently rests on the suit sleeve of her angry husband who is clenching his fist to stand up, emotional shallow depth of field, 16:9","Extreme close-up of the woman's weathered hand gently pressing down on the man's trembling arm, calming him down."
Chapter 2,Cut 05,무대 위 대형 화선지 앞에 홀로 서서 대필을 쥔 선옥,★ 나노바나나 + Seedance 2.5,"호텔 연회장 무대 중앙, 바닥에 펼쳐진 거대한 순백색 화선지 앞에 감색 정장을 입은 57세 이선옥이 등을 곧게 펴고 서서 오른손에 굵은 장봉대필을 묵직하게 쥐고 있다. 눈을 감고 호흡을 가다듬는 모습, 16:9","Center stage of a grand ballroom, the 57-year-old Korean woman in a navy suit stands with a straight posture before a massive white rice paper on the floor, holding a thick calligraphy brush firmly, eyes closed in deep concentration, 16:9","Slow orbit camera movement around the woman as she opens her eyes with fierce, calm determination and lifts the ink-soaked brush."
Chapter 2,Cut 06,화선지를 벼락처럼 내리찍는 첫 획과 튀어 오르는 먹물,★ 나노바나나 + Seedance 2.5,"익스트림 클로즈업, 굳은살 박인 오른손이 쥔 굵은 붓끝이 새하얀 화선지 위를 강렬하게 내리찍으며 진한 검은 먹선이 살아있는 흑룡처럼 뻗어나가는 순간, 역동적인 먹물의 질감, 8k, 16:9","Extreme close-up, a thick brush held by a calloused hand strikes the pure white Xuan paper powerfully, drawing a bold black ink stroke with dynamic flying white (feibai) texture like a black dragon, high contrast, 8k, 16:9","High-speed cinematic motion as the heavy brush strikes the white paper and sweeps across in one powerful, fluid black ink stroke."
Chapter 2,Cut 07,찻잔을 내려놓고 벌떡 일어서는 백발의 원로 송헌 선생,★ 나노바나나 + Seedance 2.5,"연회장 맨 앞 귀빈석, 금테 안경을 쓴 80세 백발 노신사(송헌 선생)가 찻잔을 테이블에 내려놓고 두 눈을 크게 뜬 채 무대 위를 보며 자리에서 벌떡 일어서는 경악한 표정, 16:9","At the VIP front table of the banquet hall, an 80-year-old white-haired Korean elder with gold glasses places his teacup down and stands up abruptly in utter shock, staring intensely at the stage, 16:9","The white-haired elder abruptly stands up from his banquet chair, his hands trembling slightly as he stares forward in disbelief."
Chapter 3,Cut 08,로비에서 사모님들에게 둘러싸여 명함을 건네는 화려한 서연,나노바나나 정지 이미지,"특급 호텔 연회장 로비, 화려한 축하 화환들 앞에서 와인색 투피스와 진주 귀걸이를 한 둘째 며느리 서연이 부유해 보이는 사모님들에게 둘러싸여 우아하게 웃으며 인사하는 모습, 16:9","In a bright luxury hotel lobby lined with flower wreaths, the 52-year-old woman in a wine silk suit and pearl earrings smiles gracefully while mingling with wealthy women, 16:9",-
Chapter 3,Cut 09,복도 구석에서 허리를 굽혀 답례품 보자기 매듭을 고쳐 매는 선옥,나노바나나 정지 이미지,"호텔 연회장 뒤편 복도 구석, 수수한 감색 정장을 입은 57세 이선옥이 허리를 숙이고 앉아 쌓여 있는 답례품 상자의 보자기 매듭을 꼼꼼하게 다시 묶고 있는 모습, 뒤쪽으로 서연이 걸어오는 실루엣, 16:9","In a quiet back corridor of the hotel, the 57-year-old woman in a humble navy suit bends down to carefully retie traditional gift box knots, while the woman in the wine suit approaches from behind, 16:9",-
Chapter 3,Cut 10,선옥을 위아래로 훑어보며 무시하는 서연과 묵묵히 웃는 선옥,나노바나나 정지 이미지,"호텔 복도에서 팔짱을 끼고 턱을 치켜든 채 감색 정장의 형님 이선옥을 깔보듯 내려다보는 배서연과, 화내지 않고 온화하게 고개를 끄덕이는 이선옥의 투샷, 16:9","Two-shot in the hotel corridor: the arrogant younger sister-in-law in a wine suit looks down disdainfully with crossed arms at the older woman in a modest navy suit, who smiles calmly, 16:9",-
Chapter 4,Cut 11,시댁 본가 식탁에서 자기 자랑을 늘어놓는 서연과 상다리가 휘어지는 음식,나노바나나 정지 이미지,"한국 전통 고가구와 원목 식탁이 있는 시댁 거실, 갈비찜과 잡채 등 푸짐한 한식 상차림 앞에서 자랑스럽게 손짓하며 말하는 배서연과 옆에서 조용히 국그릇을 챙기는 앞치마 차림의 이선옥, 16:9","In a warm Korean family living room with a wooden dining table full of traditional dishes, Seo-yeon boasts proudly while Sun-ok in an apron quietly serves soup beside her, 16:9",-
Chapter 4,Cut 12,과거 공모전 낙방 통지서 앞에서 좌절하던 젊은 시절의 서연,나노바나나 정지 이미지,"회상 장면, 바랜 색감, 20여 년 전 미술관 복도 게시판 앞에서 입선자 명단에 자신의 이름이 없는 것을 확인하고 주먹을 쥔 채 고개를 숙인 20대 후반 배서연의 어두운 뒷모습, 16:9","Flashback scene with desaturated tones: a late-20s Korean woman standing before an art exhibition results board in a hallway, clenching her fists in despair and jealousy, cinematic lighting, 16:9",-
Chapter 4,Cut 13,부엌에서 홀로 설거지를 하며 굳은살 박인 손을 내려다보는 선옥,★ 나노바나나 + Seedance 2.5,"시댁 부엌 싱크대 앞, 수돗물이 쏟아지는 설거지통 앞에서 고무장갑도 끼지 않은 채 접시를 닦다가 잠시 멈추고 거칠어진 자신의 오른손을 내려다보는 이선옥의 쓸쓸한 옆모습, 16:9","In a kitchen, the 57-year-old woman in an apron pauses while washing dishes under running tap water, looking down quietly at her rough right hand, warm yet melancholic lighting, 16:9",Water runs from the faucet as the woman pauses washing a plate and slowly looks at her rough right hand in quiet contemplation.
Chapter 5,Cut 14,새벽 5시 어두운 재래시장 골목에서 세탁소 셔터를 올리는 선옥,나노바나나 정지 이미지,"새벽 5시 푸른 어둠이 깔린 한국 재래시장 골목, '정성 세탁 수선'이라는 낡은 간판 아래에서 철제 셔터를 끌어올리는 57세 이선옥, 가로등 불빛과 하얀 입김, 사실적인 한국 골목 풍경, 16:9","At 5 AM in a dimly lit Korean traditional market alley, the 57-year-old woman pulls up the metal shutter of an old laundry shop with a weathered sign, cold morning breath visible under streetlight, 16:9",-
Chapter 5,Cut 15,하얀 스팀 속에서 붓을 운필하듯 다리미질을 하는 선옥의 손길,★ 나노바나나 + Seedance 2.5,"오래된 세탁소 내부, 뜨거운 하얀 수증기가 피어오르는 작업대 위에서 스팀다리미를 쥐고 모직 코트를 다리는 이선옥, 눈을 지그시 감고 마치 서예 붓을 휘두르듯 허공에 손가락으로 획을 긋는 신비로운 분위기, 16:9","Inside an old laundry shop filled with warm white steam, the 57-year-old woman holds a heavy steam iron on a worktable, eyes gently closed, gracefully tracing invisible calligraphy strokes in the steamy air with her right hand, cinematic rays of light, 16:9",White steam rises softly as the woman closes her eyes and gracefully moves her right hand in the air as if painting invisible calligraphy.
Chapter 5,Cut 16,열린 문틈으로 그 모습을 보고 놀라는 단골 손님과 손목을 감추는 선옥,나노바나나 정지 이미지,"세탁소 유리문 틈으로 놀란 표정으로 들여다보는 60대 단골 여성 손님과, 화들짝 놀라 오른손을 앞치마 밑으로 숨기며 낡은 라디오를 끄는 이선옥의 당황한 얼굴, 16:9","A 60s female customer looks through the laundry shop glass door in amazement, while Sun-ok looks startled and quickly hides her right hand under her apron, reaching to turn off an old radio, 16:9",-
Chapter 6,Cut 17,본가 안방 자개장롱 밑에서 녹슨 자물쇠가 채워진 오동나무 상자를 발견한 딸 서우,나노바나나 정지 이미지,"한국 전통 자개장롱 문이 열려 있고 겨울 이불 보따리 사이에서 낡고 검붉은 오동나무 상자를 꺼내 든 29세 딸 서우, 상자에는 녹슨 황동 자물쇠와 빛바랜 '대한민국 미술대전' 종이 라벨이 붙어 있다, 16:9","In a traditional Korean bedroom with a mother-of-pearl wardrobe open, the 29-year-old daughter kneels on the floor holding an old dark paulownia wood box locked with a rusty brass padlock, 16:9",-
Chapter 6,Cut 18,사색이 되어 상자를 빼앗아 장롱 꼭대기에 숨기는 엄마 선옥,★ 나노바나나 + Seedance 2.5,"안방 미닫이문 앞에서 빨래 바구니를 떨어뜨리고 창백하게 질린 얼굴로 딸의 손에서 오동나무 상자를 다급하게 빼앗아 품에 안는 57세 이선옥, 긴박한 표정, 16:9","In the bedroom, the 57-year-old mother drops her laundry basket and pale with shock, urgently snatches the old wooden box from her daughter's hands, hugging it tightly to her chest, 16:9","The mother hurriedly pulls the wooden box into her arms with a pale, trembling expression while her daughter looks up in shock."
Chapter 7,Cut 19,연회장 무대 계단을 걸어 올라가는 선옥의 곧게 펴진 등줄기,★ 나노바나나 + Seedance 2.5,"다시 호텔 연회장, 수백 명의 하객들이 앉아 있는 테이블 사이를 지나 무대 계단을 걸어 올라가는 감색 정장 차림 이선옥의 뒷모습, 구부정하던 어깨가 반듯하고 당당하게 펴지며 조명을 받는 구도, 16:9","Back View in the grand ballroom: the 57-year-old woman in a modest navy suit walks up the stage stairs under bright spotlights, her shoulders straightening with immense dignity and presence, 16:9","Slow-motion tracking shot from behind as the woman climbs the stage steps, her posture straightening with powerful dignity under the spotlight."
Chapter 7,Cut 20,서연의 오만한 시선을 정면으로 압도하는 선옥의 깊고 서늘한 눈빛,나노바나나 정지 이미지,"무대 위 클로즈업, 붓을 건네며 비웃던 배서연이 이선옥의 깊고 서늘한 검은 눈동자와 정면으로 마주치자 순간 기세에 눌려 당황하는 극적인 얼굴 대비, 16:9","Close-up face confrontation on stage: the arrogant younger sister-in-law freezes in intimidation as she meets the deep, piercing, rock-steady gaze of Sun-ok holding the thick brush with perfect posture, 16:9",-
Chapter 8,Cut 21,현완법 자세로 화선지 위를 휘몰아치는 선옥의 일필휘지,★ 나노바나나 + Seedance 2.5,"호텔 무대 위 와이드 샷, 감색 정장의 이선옥이 팔꿈치를 수평으로 든 완벽한 현완법 자세로 거대한 화선지 위에 힘찬 초서 글씨와 소나무·학을 단숨에 그려나가는 경이로운 퍼포먼스, 8k, 16:9","Wide shot on the hotel stage: the 57-year-old woman in a navy suit performs breathtaking large-scale calligraphy and ink painting of a pine tree and crane on giant white paper with dynamic brushwork, 8k, 16:9",Dynamic camera pan following the woman's sweeping arm movements as bold black ink strokes of pine branches and a crane rapidly appear on the giant white paper.
Chapter 8,Cut 22,화선지 위에 완성된 웅장한 먹선과 비백(갈라진 흰 여백) 디테일,나노바나나 정지 이미지,"화선지 클로즈업, 진한 농묵과 맑은 담묵, 그리고 폭포수처럼 갈라진 비백이 어우러져 '송학천년'이라는 웅장한 한자 초서와 고고한 학 한 마리가 살아 숨 쉬듯 그려진 명작, 16:9","Close-up of the giant Xuan paper on the stage floor: a masterpiece of traditional Korean calligraphy and ink wash painting featuring powerful cursive strokes and a noble crane with dramatic feibai texture, 16:9",-
Chapter 8,Cut 23,숨을 멈추고 돌처럼 굳어버린 500명의 하객들과 창백해진 서연,나노바나나 정지 이미지,"연회장 전체 조감도 및 무대 측면, 와인잔을 든 채 입을 벌리고 얼어붙은 수백 명의 하객들과, 무대 기둥에 등을 부딪치며 얼굴에서 핏기가 완전히 사라진 둘째 며느리 배서연, 16:9","Inside the grand ballroom, hundreds of guests sit completely frozen in awe, while in the foreground on stage, the woman in the wine suit leans against a pillar, her face ghostly pale in shock, 16:9",-
Chapter 9,Cut 24,무대 위로 뛰어올라 화선지 앞에 무릎을 굽히고 전율하는 송헌 선생,★ 나노바나나 + Seedance 2.5,"무대 위, 80세 백발의 원로 송헌 선생이 화선지 코앞까지 달려와 무릎을 굽히고 떨리는 두 손으로 아직 마르지 않은 먹선 위를 허공에서 쓸어내리며 감격의 눈물을 흘리는 모습, 16:9","On stage, the 80-year-old white-haired calligraphy master kneels beside the giant ink artwork, his trembling hands hovering over the wet ink strokes as tears of awe well up in his eyes, 16:9","The white-haired elder kneels by the calligraphy paper, his hands trembling over the ink strokes before he slowly looks up at the woman with tears in his eyes."
Chapter 9,Cut 25,선옥의 거친 두 손을 부여잡고 깊이 고개 숙여 경의를 표하는 송헌 선생,★ 나노바나나 + Seedance 2.5,"무대 중앙에서 80세의 백발 거장 송헌 선생이 57세 세탁소 맏며느리 이선옥의 굳은살 박인 손을 두 손으로 공손히 부여잡고 90도로 고개를 깊이 숙여 인사하는 감동적인 장면, 16:9","Center stage, the 80-year-old white-haired master respectfully holds the rough hands of the 57-year-old woman in the navy suit with both of his hands and bows his head deeply in utmost reverence, 16:9",The elderly master holds the woman's rough hands with both hands and bows his head deeply in profound respect while spotlights shine down.
Chapter 9,Cut 26,끼어드는 서연을 향해 벼락같이 호통치는 송헌 선생,나노바나나 정지 이미지,"마이크를 쥔 백발의 송헌 선생이 무대 구석의 배서연을 손가락으로 가리키며 매섭게 호통을 치고, 서연은 숨이 막힌 듯 겁에 질려 뒷걸음질 치는 통쾌한 장면, 16:9","The 80-year-old white-haired elder holds a microphone and points sternly at the woman in the wine suit, scolding her with fiery authority while she shrinks back in terror and humiliation, 16:9",-
Chapter 10,Cut 27,30년 전 국전 심사장에서 만장일치 대상을 받던 젊은 선옥의 회상,나노바나나 정지 이미지,"30년 전 회상 장면, 따뜻한 필름 톤, 대한민국 미술대전 전시장에서 대형 서화 작품 앞에 단정한 한복을 입고 서 있는 27세의 젊은 이선옥과 박수를 보내는 심사위원들, 16:9","1990s nostalgic film tone flashback: a 27-year-old Korean woman in neat traditional hanbok stands modestly before a grand award-winning calligraphy piece in a national art gallery while judges applaud, 16:9",-
Chapter 10,Cut 28,전원 기립박수를 쏟아내는 500명의 하객들과 무대 바닥에 주저앉은 서연,★ 나노바나나 + Seedance 2.5,"특급 호텔 연회장 전체, 500명의 하객 전원이 자리에서 일어나 무대 위 이선옥을 향해 열렬한 기립박수를 치고 있고, 그 옆 구석에서 와인색 드레스 자락을 구기며 바닥에 힘없이 주저앉은 배서연, 16:9","Grand ballroom wide cinematic shot: all 500 guests stand in a roaring standing ovation applauding the woman in the navy suit on stage, while the woman in the wine suit collapses onto the stage floor in total defeat, 16:9",Hundreds of guests stand up clapping enthusiastically under golden chandeliers while the woman in the wine suit sinks to her knees on the stage floor.
Chapter 11,Cut 29,무대 위로 올라와 아내의 거친 손을 끌어안고 오열하는 남편 태준,★ 나노바나나 + Seedance 2.5,"무대 중앙에서 60세 남편 강태준이 눈물로 범벅이 된 얼굴로 아내 이선옥의 거친 두 손을 자신의 가슴에 끌어안고 고개를 숙여 오열하고, 선옥이 남편의 등을 따뜻하게 토닥이는 장면, 16:9","On stage, the 60-year-old husband in a suit tearfully embraces his wife's rough hands against his chest and weeps in remorse and gratitude, while she gently pats his shoulder with a warm, forgiving expression, 16:9","The husband holds his wife's hands to his face weeping, and she gently pats his back with a calm, comforting smile."
Chapter 11,Cut 30,경멸 어린 시선으로 서연을 수군거리는 사모님들과 고개 못 드는 서연,나노바나나 정지 이미지,"연회장 앞줄의 귀빈 사모님들이 부채나 손으로 입을 가리며 무대 구석에 주저앉은 배서연을 차갑고 경멸 어린 눈빛으로 수군거리는 모습, 16:9","Wealthy women in the front row of the banquet hall whisper to each other while looking with cold disdain at the humiliated woman in the wine suit sitting on the floor, 16:9",-
Chapter 12,Cut 31,본가 안방에서 마침내 열린 오동나무 상자와 황금빛 국전 대상 트로피,나노바나나 정지 이미지,"따뜻한 안방 조명 아래 열린 오동나무 상자 클로즈업, 비단 보자기 위에 놓인 '제12회 대한민국 미술대전 대상 이선옥' 트로피, 닳아빠진 붓 세 자루, 그리고 모서리에 검붉은 핏자국이 마른 초대전 계약서, 16:9","Close-up inside a warm Korean bedroom: the opened old wooden box revealing a tarnished gold National Art Exhibition Grand Prize trophy, three worn calligraphy brushes, and an old exhibition contract with dried bloodstains on the corner, 16:9",-
Chapter 12,Cut 32,30년 전 공장 프레스 사고로 응급실에 실려 간 남편과 어린 딸을 업은 선옥,나노바나나 정지 이미지,"1990년대 차가운 병원 응급실 복도 회상 장면, 수술실 빨간 불 아래에서 등에 한 살배기 아기를 포대기로 업은 27세 이선옥이 하얗게 질린 얼굴로 의사의 설명을 듣고 있는 비극적인 장면, 16:9","1990s hospital corridor flashback: under a glowing red 'Operating Room' sign, a 27-year-old Korean mother carrying a baby on her back in a traditional quilt listens in shock and tears to a doctor, cold blue lighting, 16:9",-
Chapter 13,Cut 33,병원 복도 공중전화 앞에서 입술을 깨물며 개인전을 포기하는 27세 선옥,★ 나노바나나 + Seedance 2.5,"1990년대 병원 복도 구석 녹색 공중전화 앞, 아기를 등에 업은 젊은 이선옥이 한 손에 계약서를 쥐고 수화기를 든 채 입술에서 피가 나도록 울음을 삼키며 눈물을 흘리는 가슴 아픈 장면, 16:9","1990s hospital hallway: a young Korean mother with a baby strapped to her back holds a green public payphone receiver and a crumpled exhibition contract, biting her lip until it bleeds while silent tears stream down her face, 16:9",Close-up on the young mother holding the payphone receiver as tears roll down her cheeks and she slowly hangs up the phone in heartbreak.
Chapter 13,Cut 34,비상계단에 주저앉아 입을 틀어막고 오열하는 젊은 선옥과 첫 세탁소 다림질,나노바나나 정지 이미지,"병원 비상계단 구석에 쭈그리고 앉아 등에 업힌 아기가 깰까 봐 제 주먹을 입에 틀어막고 어깨를 들썩이며 오열하는 27세 이선옥의 눈물겨운 모습, 16:9","In a dim hospital stairwell, the young mother crouches in a corner with her baby sleeping on her back, stuffing her fist into her mouth to muffle her wrenching sobs, deeply emotional cinematic shot, 16:9",-
Chapter 13,Cut 35,안방에서 눈물 흘리는 딸 서우와 남편을 따뜻하게 품에 안아주는 선옥,★ 나노바나나 + Seedance 2.5,"현재 본가 안방, 열린 오동나무 상자 앞에서 무릎에 얼굴을 묻고 우는 딸 서우와 눈물짓는 남편의 손을 거칠고 따뜻한 손으로 감싸 안으며 봄볕처럼 미소 짓는 57세 이선옥, 16:9","In the warm bedroom, the 57-year-old mother gently embraces her crying daughter and holds her tearful husband's hand with her rough hands, smiling with profound maternal warmth and peace, 16:9",The mother gently strokes her crying daughter's hair and smiles warmly with glistening eyes in the cozy bedroom.
Chapter 14,Cut 36,새벽 세탁소 철제 셔터 앞에 초췌한 민낯으로 무릎 꿇은 동서 서연,★ 나노바나나 + Seedance 2.5,"새벽 어스름이 깔린 세탁소 골목 앞, 화장기 없는 초췌한 민낯과 수수한 옷차림의 둘째 동서 배서연이 차가운 시멘트 바닥에 무릎을 꿇고 감색 코트 차림의 이선옥 앞에서 눈물로 사죄하는 장면, 16:9","At dawn in front of the old laundry shop shutter, the younger sister-in-law without makeup and in plain clothes kneels on the cold concrete floor weeping in remorse before Sun-ok, 16:9",The kneeling woman bows her head in tears on the cold alley floor while the older woman reaches down to hold her shoulders.
Chapter 14,Cut 37,세탁소 타일 바닥을 걸레로 닦으며 참회하는 서연과 보리차를 건네는 선옥,나노바나나 정지 이미지,"세탁소 내부, 무릎을 꿇고 젖은 걸레로 타일 바닥을 닦으며 눈물을 쏟는 배서연과, 그 앞에 서서 따뜻한 보리차가 담긴 머그잔을 조용히 내미는 이선옥의 온화하고 단호한 모습, 16:9","Inside the laundry shop, Seo-yeon kneels wiping the tile floor with a wet rag in tears, while Sun-ok stands calmly offering her a warm mug of barley tea with a gentle yet firm expression, 16:9",-
Chapter 15,Cut 38,세탁소를 찾아와 최고급 벼루와 붓을 건네는 송헌 선생과 시아버지,나노바나나 정지 이미지,"세탁소 작업대 앞, 백발의 송헌 선생과 시아버지 강 회장이 고급 단계벼루와 붓 세트를 내밀며 초대전 복귀를 권유하고, 앞치마를 두른 이선옥이 정중하고 평온한 미소로 사양하는 장면, 16:9","Inside the humble laundry shop, the 80-year-old white-haired master and the elderly father-in-law present a luxury inkstone and brush set on the ironing table, while Sun-ok in an apron smiles peacefully, 16:9",-
Chapter 15,Cut 39,시장 상인회관 '정성 글씨 사랑방'에서 할머니의 손을 잡고 글씨를 가르치는 선옥,★ 나노바나나 + Seedance 2.5,"따스한 봄 햇살이 비치는 시장 상인회관 문화교실, 앞치마를 두른 57세 이선옥이 주름진 80대 할머니의 손을 다정하게 감싸 쥐고 함께 화선지 위에 한글 붓글씨를 쓰는 따뜻한 풍경, 뒤편에서 소매를 걷고 먹물을 가는 동서 서연, 16:9","In a sunlit community classroom, the 57-year-old woman in an apron warmly guides the wrinkled hand of an 80-year-old grandmother writing Korean calligraphy, while in the background Seo-yeon with rolled-up sleeves happily helps grind ink, 16:9","Warm sunlight streams through the window as the woman gently guides the elderly grandmother's hand holding a calligraphy brush across white paper, both smiling warmly."
Chapter 15,Cut 40,봄 햇살 아래 새 화선지를 펼치며 환하게 미소 짓는 선옥 (엔딩 컷),★ 나노바나나 + Seedance 2.5,"창가로 봄 햇살과 꽃잎이 비치는 밝은 교실, 새하얀 화선지 앞에 앉아 붓을 쥐고 카메라(시청자)를 향해 세월의 깊이가 담긴 가장 따뜻하고 평온한 미소를 짓는 57세 이선옥의 클로즈업 엔딩 샷, 8k, 16:9","Cinematic ending close-up: bathed in golden spring sunlight by an open window, the 57-year-old Korean woman holds a calligraphy brush over fresh white paper and looks up with a deeply peaceful, radiant, heartwarming smile, 8k, 16:9","Golden sunlight dances across the room as the woman looks up from the paper and smiles warmly and peacefully, a gentle breeze moving her hair."